{
    "train_losses": [
        1.7496960615305372,
        1.4178717364470634,
        1.2952254571246646,
        1.2271608670239762,
        1.1715275023714278,
        1.1352880030881856,
        1.1046556380480292,
        1.0807785329958577,
        1.0547727665610023,
        1.041343715585442,
        1.023089022248835,
        1.0041568176786813,
        0.9893616130743252,
        0.9774700402507605,
        0.9590947167589945,
        0.9485521806544979,
        0.9323945227343318,
        0.9206157729412189,
        0.9117070464547423,
        0.900243006138232,
        0.884182413334657,
        0.8743254710997719,
        0.8682682736817936,
        0.8521403973015952,
        0.8403342179695829,
        0.8329160939962406,
        0.8237811191926003,
        0.8109326025523579,
        0.8025655293357531,
        0.7894289459740049,
        0.7766353673909856,
        0.7648553052534525,
        0.7527324737723193,
        0.7452895659119645,
        0.7331919936331724,
        0.726732797740856,
        0.7155225273936581,
        0.6977003649271096,
        0.6929870772114276,
        0.687249653125707,
        0.6734210840088392,
        0.6087557369628177,
        0.5900780483511964,
        0.5759158752535016,
        0.5601212841522948,
        0.5500519117399162,
        0.5435406163222215,
        0.531261868318913,
        0.529215303478522,
        0.5155454590102257,
        0.5127011701153747,
        0.46992516293205633,
        0.4547516347875399,
        0.44747551457648316,
        0.4427862388117111,
        0.4386077725086729,
        0.4284829761664394,
        0.4117507080020457,
        0.4003553860671443,
        0.3922513486555558,
        0.38491073997671227,
        0.38877906090077397,
        0.3727211420378834,
        0.369974803376868,
        0.36979899494068064
    ],
    "val_losses": [
        1.5149526683425265,
        1.2923783654786645,
        1.2733760531415645,
        1.2462017641123306,
        1.1181204147277752,
        1.0958284434583998,
        1.1649449534255438,
        1.075845672646483,
        1.0123345160025945,
        1.0343364522994545,
        0.9989591620698484,
        1.003411254201237,
        1.0318703931100057,
        0.9975670058935191,
        1.0218285518158907,
        0.9585285883622104,
        0.9635728379417243,
        0.9805982618419598,
        0.9476774044772913,
        0.9293709592123024,
        0.981315861441824,
        0.9411278614661727,
        0.919068263745567,
        0.9524824351246691,
        0.955198511933842,
        0.9473728850944755,
        0.9179678164872993,
        0.9678538753714658,
        0.9318704283247422,
        0.9133639537580633,
        0.9142493793777716,
        0.9107991591839114,
        0.9136611230860318,
        0.9339725029239352,
        0.9347783057727532,
        0.9305113302561924,
        0.9527795431706261,
        0.9378586210026054,
        0.9669289019287844,
        0.9581588205769056,
        0.9605765229780783,
        0.9636264428616765,
        0.949086675806011,
        0.9746450429907347,
        0.96230240876577,
        0.9923684286121274,
        0.9970085968975239,
        1.0261752478556236,
        1.0154085665501138,
        1.0321651626410475,
        1.0415102434742913,
        1.039210132849718,
        1.064929699891123,
        1.0679191372526757,
        1.0749948057964938,
        1.0928862011841194,
        1.1027909025371356,
        1.102312648684974,
        1.1054701923360795,
        1.1257197295566495,
        1.1375793729794328,
        1.1445778956749406,
        1.1420328358017524,
        1.1485916506649558,
        1.1468637443312897
    ],
    "train_accs": [
        29.318332230311054,
        45.23668535999164,
        50.419729004841685,
        53.50586923961127,
        55.69681981260232,
        57.121460169284894,
        58.32317391758682,
        59.49702183984117,
        60.444459925458915,
        60.72311818593472,
        61.395381239332615,
        62.34978578146226,
        62.95586749799715,
        63.3181232366157,
        64.17151415932285,
        64.38050785467972,
        64.78456233236965,
        65.86087986345746,
        65.89222891776097,
        66.1499878087011,
        66.77348566651573,
        67.34125187223519,
        67.48058100247309,
        68.41060294681111,
        68.68229475077501,
        68.7763419136856,
        69.03758403288167,
        69.71681354279146,
        69.91535755338047,
        70.41345919398098,
        71.19370232331325,
        71.42359538820578,
        72.11327458288342,
        72.0679926155561,
        72.82385314709673,
        72.73328921244209,
        72.99801455989412,
        73.82353965655369,
        73.90017067818454,
        74.49231948169563,
        74.7674945139155,
        77.30328468424536,
        77.8989167160124,
        78.42836741091644,
        79.09018077954649,
        79.49423525723641,
        79.60918178968268,
        80.11424988679508,
        80.25009578877705,
        80.90494270089519,
        81.01292277682957,
        82.4271134487443,
        83.24218886063603,
        83.2178062628444,
        83.42331672994531,
        83.82040475112333,
        84.1025462398551,
        84.48918457626529,
        84.99773590163363,
        85.54460273781741,
        85.73269706363858,
        85.54808596607336,
        86.18203350865582,
        86.22383224772719,
        86.0705702044655
    ],
    "val_accs": [
        40.65199219838395,
        50.250766230147676,
        51.04485929228197,
        52.81415436054611,
        57.132906101978264,
        58.163833937029814,
        57.2582892170521,
        59.431596544998605,
        61.38200055725829,
        61.11730286988019,
        62.426859849540264,
        62.371134020618555,
        61.911395932014486,
        62.32933964892728,
        62.900529395374754,
        64.48871551964335,
        64.09863471719142,
        63.290610197826695,
        63.88966285873502,
        65.26887712454723,
        64.34940094733909,
        65.24101421008638,
        65.81220395653385,
        64.8787963220953,
        65.36639732516021,
        65.38032878239063,
        66.5227082752856,
        64.71161883533017,
        66.5784341042073,
        67.13569239342435,
        66.5227082752856,
        67.33073279465032,
        67.13569239342435,
        67.20534967957649,
        66.5784341042073,
        67.45611590972416,
        67.92978545555866,
        66.96851490665924,
        66.24407913067706,
        67.31680133741989,
        67.09389802173307,
        68.18055168570632,
        68.54276957369741,
        68.61242685984953,
        68.83533017553636,
        68.37559208693229,
        68.98857620507106,
        68.34772917247145,
        68.18055168570632,
        68.30593480078016,
        68.59849540261911,
        68.98857620507106,
        69.03037057676232,
        69.01643911953191,
        68.83533017553636,
        68.72387851769295,
        68.97464474784063,
        69.15575369183617,
        68.91891891891892,
        69.01643911953191,
        68.76567288938423,
        68.94678183337977,
        69.00250766230148,
        68.76567288938423,
        68.97464474784063
    ],
    "best_val_acc": 69.15575369183617,
    "classes": [
        "angry",
        "disgusted",
        "fearful",
        "happy",
        "neutral",
        "sad",
        "surprised"
    ],