{
    "train_losses": [
        1.6302958032280894,
        1.363481828754418,
        1.2582539917097357,
        1.1919055143499362,
        1.141269934804816,
        1.10537673674713,
        1.0765897895775018,
        1.0468844044415728,
        1.0206201978269434,
        1.0038310720581816,
        0.9867860646954425,
        0.9689068234972937,
        0.9460277543047503,
        0.9319722435995015,
        0.9143739079369402,
        0.9054646003524098,
        0.889155825727258,
        0.8760050666913987,
        0.8625882782218242,
        0.8453063964822989,
        0.8309749118204405,
        0.8246794896458977,
        0.8110680915564511,
        0.7957356894891162,
        0.789694339156321
    ],
    "val_losses": [
        1.4320111853327715,
        1.2960015054232699,
        1.2192641826817239,
        1.2156538948038886,
        1.1196901392690914,
        1.062980892698756,
        1.052901013178492,
        1.0333237074716206,
        1.0441952809944695,
        1.0901334331573036,
        0.9966476035005172,
        0.9910885312491454,
        0.9553741684329313,
        1.0149934323394023,
        0.9565684474853129,
        0.9808962894170256,
        0.9624558301913967,
        0.9668022306160065,
        0.9742217206064789,
        0.9278077115983344,
        0.9309012815460052,
        0.9178730702127843,
        0.9186602098824221,
        0.9472121459655889,
        0.8991503500945058
    ],
    "train_accs": [
        35.15622278727925,
        47.270890661465046,
        51.896617785363475,
        54.665784248841824,
        56.62684175694033,
        57.90518652687311,
        59.402974676930576,
        60.15883520847121,
        61.541676826082416,
        62.02584555365913,
        62.32191995541468,
        63.22407607370511,
        64.19241352885855,
        64.93434114737539,
        65.38019436413668,
        66.12212198265352,
        66.47392803650423,
        67.0347277857118,
        67.87418579539518,
        68.34790483820404,
        68.60566372914417,
        68.9296039569473,
        69.34410811940506,
        70.14525061827301,
        70.34379462886203
    ],
    "val_accs": [
        45.02646976873781,
        50.39008080245193,
        53.259960991919755,
        54.764558372805794,
        57.2025633881304,
        60.04458066313737,
        60.30927835051546,
        61.18696015603232,
        60.83867372527166,
        59.97492337698523,
        62.74728336584007,
        62.58010587907495,
        63.90359431596545,
        63.20702145444413,
        64.73948174979103,
        62.900529395374754,
        64.05684034550013,
        64.32153803287824,
        63.26274728336584,
        66.25801058790749,
        65.21315129562552,
        66.88492616327667,
        65.95151852883812,
        65.85399832822513,
        67.01030927835052
    ],
    "classes": [
        "angry",
        "disgusted",
        "fearful",
        "happy",
        "neutral",
        "sad",
        "surprised"
    ],
    "confusion_matrix": [
        [
            603,
            14,
            97,
            31,
            88,
            100,
            25
        ],
        [
            31,
            60,
            5,
            3,
            1,
            8,
            3
        ],
        [
            132,
            11,
            437,
            32,
            116,
            186,
            110
        ],
        [
            27,
            2,
            31,
            1562,
            78,
            39,
            35
        ],
        [
            95,
            4,
            53,
            83,
            827,
            146,
            25
        ],
        [
            150,
            4,
            133,
            38,
            249,
            653,
            20
        ],
        [
            15,
            5,
            78,
            43,
            12,
            10,
            668
        ]
    ]
}